day_of_week,event_hour,total_registered_students,target_attendance_rate
5,8,32,0.919
1,10,91,0.938
5,18,299,0.614
3,7,35,0.815
1,15,33,0.96
5,17,299,0.767
3,16,162,0.88
0,19,101,0.562
2,11,99,0.854
6,12,72,0.635
0,12,196,0.717
6,7,255,0.586
3,8,170,0.883
4,20,205,0.692
5,8,43,0.906
6,11,60,0.757
6,8,214,0.544
5,20,206,0.626
2,10,156,0.932
5,17,56,0.847
1,15,145,0.846
3,11,132,0.93
6,19,48,0.537
0,19,181,0.514
0,10,181,0.654
3,13,254,0.793
1,10,295,0.812
4,13,224,0.828
1,15,272,0.785
0,20,76,0.474
1,19,236,0.695
3,13,259,0.855
4,20,25,0.809
0,17,294,0.62
6,17,194,0.568
3,9,252,0.771
5,18,154,0.806
6,9,279,0.716
6,17,172,0.685
4,16,121,0.774
6,9,296,0.723
4,7,185,0.828
0,12,177,0.658
1,16,60,0.764
3,20,55,0.806
4,19,84,0.671
3,15,104,0.862
6,16,236,0.654
4,19,122,0.764
3,17,211,0.77
4,14,81,0.86
0,12,30,0.764
1,16,132,0.751
5,17,50,0.787
0,20,189,0.461
1,11,268,0.804
1,18,262,0.639
3,19,228,0.63
0,17,240,0.557
3,14,47,0.978
5,8,51,0.814
2,19,75,0.69
1,15,249,0.792
1,11,256,0.81
0,14,70,0.628
4,20,27,0.855
6,20,141,0.477
3,14,129,0.958
0,9,214,0.57
3,11,252,0.816
5,18,269,0.625
2,10,49,0.963
4,7,180,0.759
4,14,277,0.917
4,9,49,0.99
0,20,115,0.461
0,17,140,0.615
4,10,40,0.969
3,17,287,0.751
2,10,180,0.858
3,9,173,0.893
6,8,24,0.673
4,8,57,0.836
4,11,87,0.969
0,10,209,0.616
3,20,298,0.713
4,19,290,0.601
6,15,173,0.769
0,9,155,0.638
0,18,99,0.494
4,10,195,0.853
5,20,155,0.731
2,20,46,0.715
3,20,161,0.657
2,19,86,0.752
2,9,246,0.858
3,15,24,0.888
5,9,299,0.776
2,16,95,0.819
0,11,206,0.714
6,20,40,0.644
1,17,147,0.857
2,19,228,0.756
5,9,141,0.958
6,19,110,0.591
0,9,190,0.745
3,19,147,0.693
6,18,75,0.511
0,20,260,0.436
6,14,199,0.669
6,20,136,0.486
5,10,224,0.823
6,8,162,0.606
4,13,294,0.823
0,8,153,0.579
2,7,75,0.845
2,18,180,0.72
4,8,217,0.844
1,11,42,0.983
0,15,295,0.68
5,18,120,0.708
0,17,189,0.65
5,20,83,0.765
2,15,178,0.927
2,13,171,0.909
1,13,214,0.878
1,16,174,0.815
6,7,175,0.596
3,19,184,0.724
3,17,129,0.832
6,19,106,0.555
2,15,191,0.835
6,10,178,0.656
1,9,32,0.877
3,16,57,0.823
5,16,119,0.865
3,14,224,0.809
5,18,22,0.843
6,19,74,0.575
1,9,285,0.844
4,10,82,0.893
6,14,291,0.728
4,12,246,0.868
5,15,238,0.903
4,14,101,0.939
3,14,152,0.94
6,17,161,0.673
4,14,142,0.864
0,18,166,0.488
2,12,296,0.783
1,10,216,0.881
5,10,52,0.886
2,15,258,0.837
1,20,235,0.662
6,16,30,0.737
6,16,214,0.576
2,11,219,0.907
6,13,295,0.69
4,19,132,0.728
2,13,268,0.775
2,17,227,0.816
6,14,85,0.777
4,7,221,0.795
5,7,62,0.853
1,20,256,0.629
2,13,187,0.854
2,12,214,0.815
6,13,149,0.754
3,7,296,0.708
2,10,55,0.945
5,7,35,0.952
1,20,30,0.799
1,9,262,0.877
4,10,258,0.882
6,12,105,0.717
5,18,78,0.774
1,11,75,0.913
2,16,212,0.763
5,10,58,0.915
6,17,144,0.566
6,11,81,0.747
4,19,41,0.756
3,17,209,0.711
5,12,26,0.99
6,14,74,0.689
2,17,255,0.813
3,9,287,0.924
2,16,295,0.824
3,13,157,0.872
1,20,64,0.695
3,10,257,0.861
5,13,192,0.825
6,12,113,0.698
2,19,152,0.704
4,18,161,0.739
4,10,63,0.859
3,14,143,0.93
5,18,271,0.672
0,8,170,0.585
5,10,176,0.926
2,14,291,0.825
5,15,189,0.876
3,11,176,0.86
0,18,118,0.5
5,15,114,0.851
5,14,161,0.936
6,15,164,0.777
6,10,171,0.656
1,11,27,0.983
1,11,43,0.99
4,11,84,0.922
6,14,72,0.76
4,11,260,0.847
2,9,46,0.91
6,14,78,0.752
3,14,57,0.912
5,7,97,0.774
4,11,63,0.979
0,15,233,0.667
6,16,135,0.674
3,14,246,0.818
4,13,176,0.911
0,16,70,0.702
1,17,128,0.792
0,9,142,0.648
0,9,21,0.735
5,16,260,0.747
1,11,164,0.932
3,8,139,0.898
6,19,121,0.518
4,10,96,0.965
6,9,56,0.63
6,11,167,0.69
3,18,175,0.762
2,15,296,0.849
0,16,40,0.742
5,12,148,0.824
1,17,30,0.96
5,20,157,0.742
6,19,109,0.525
5,14,162,0.849
4,13,271,0.925
3,12,229,0.823
5,8,102,0.803
5,14,167,0.926
3,20,38,0.773
2,11,185,0.839
6,13,283,0.702
0,17,297,0.574
0,10,285,0.628
6,14,246,0.692
1,11,87,0.968
3,18,268,0.619
5,16,142,0.864
2,15,27,0.958
0,10,78,0.694
0,17,98,0.63
5,11,280,0.883
3,20,267,0.757
1,14,94,0.881
4,15,89,0.958
2,19,232,0.654
6,15,156,0.751
2,18,172,0.784
4,17,270,0.838
3,15,267,0.825
4,19,298,0.66
2,20,116,0.807
1,16,216,0.737
6,13,42,0.721
3,18,215,0.662
5,19,97,0.729
0,9,277,0.724
2,20,71,0.79
3,8,289,0.846
0,18,93,0.516
5,9,58,0.895
2,12,223,0.874
6,12,293,0.631
2,17,269,0.84
0,16,55,0.588
5,11,136,0.939
3,8,71,0.821
5,11,34,0.877
6,7,170,0.607
3,9,145,0.905
4,17,112,0.777
0,16,215,0.599
1,14,93,0.857
5,11,255,0.811
0,19,258,0.544
5,15,100,0.832
2,16,173,0.852
3,18,148,0.723
2,10,216,0.907
0,10,215,0.662
4,11,171,0.824
6,17,222,0.544
4,20,45,0.846
5,14,166,0.944
