attendance_rate,late_rate,avg_lateness_minutes,absence_streak,recent_trend,at_risk
0.473,0.139,0.4,0,-0.16,1
0.248,0.536,7.4,3,-0.355,1
0.648,0.027,0.4,1,-0.137,0
0.891,0.218,9.6,0,-0.166,0
0.877,0.428,11.2,1,0.172,0
0.927,0.451,0.5,1,-0.366,0
0.584,0.45,11.1,4,0.155,1
0.584,0.156,4.1,0,-0.497,1
0.518,0.421,1.2,0,-0.333,1
0.855,0.015,0.2,0,-0.209,0
0.823,0.552,13.1,0,-0.065,1
0.789,0.088,1.3,0,0.149,0
0.563,0.156,0.2,0,-0.293,1
0.952,0.088,3.3,1,0.022,0
0.14,0.131,5.7,0,-0.179,1
0.925,0.106,0.6,0,0.277,0
0.669,0.21,2.5,1,-0.395,0
0.454,0.233,5.5,0,-0.148,0
0.179,0.557,13.9,2,-0.415,1
0.236,0.287,6.6,2,-0.138,1
0.429,0.542,1.8,0,-0.442,1
0.925,0.221,2.2,5,-0.181,1
0.361,0.099,0.1,0,-0.001,0
0.104,0.214,2.6,0,-0.162,1
0.31,0.71,20.3,3,-0.433,1
0.28,0.429,10.2,0,-0.412,1
0.345,0.347,3.9,0,0.086,0
0.403,0.163,2.5,3,0.065,1
0.904,0.32,12.5,2,-0.274,0
0.777,0.217,3.0,0,-0.499,0
0.812,0.013,0.0,0,-0.257,0
0.44,0.517,22.9,0,0.079,1
0.104,0.078,2.8,3,-0.033,1
0.913,0.056,1.6,2,-0.109,1
0.771,0.03,1.0,5,-0.105,0
0.364,0.053,1.4,0,-0.451,1
0.566,0.31,12.5,0,0.283,0
0.043,0.379,3.6,1,-0.387,1
0.905,0.825,16.7,0,-0.387,0
0.993,0.249,3.1,0,-0.419,0
0.684,0.344,13.7,3,0.005,1
0.533,0.348,15.3,0,0.025,0
0.862,0.115,4.7,6,-0.14,0
0.53,0.117,3.9,1,-0.169,1
0.908,0.386,6.9,1,0.263,0
0.234,0.792,18.6,2,0.253,1
0.714,0.044,1.3,0,-0.398,0
0.663,0.284,12.3,1,0.207,0
0.439,0.182,1.9,0,-0.23,1
0.448,0.416,5.5,5,-0.103,1
0.303,0.139,0.9,0,-0.452,1
0.709,0.078,1.3,0,-0.365,1
0.587,0.04,0.3,0,0.218,1
0.346,0.265,3.8,0,-0.497,1
0.528,0.144,5.3,2,-0.014,1
0.751,0.032,1.3,6,-0.288,1
0.172,0.106,3.6,3,0.032,1
0.812,0.076,1.4,6,-0.094,0
0.793,0.871,4.7,0,0.278,0
0.382,0.233,2.7,1,0.021,0
0.061,0.101,0.3,0,-0.184,1
0.886,0.297,4.2,1,-0.214,0
0.875,0.006,0.1,4,-0.131,0
0.08,0.066,0.4,0,-0.083,0
0.13,0.034,0.7,0,0.241,0
0.771,0.506,16.5,4,-0.467,1
0.563,0.258,5.2,1,-0.481,1
0.373,0.267,1.5,1,-0.427,1
0.503,0.48,10.9,0,0.261,0
0.662,0.108,4.5,0,0.131,0
0.248,0.114,0.2,0,-0.371,1
0.893,0.053,2.1,1,-0.036,0
0.226,0.215,7.2,0,0.156,0
0.619,0.368,2.2,0,0.022,1
0.211,0.107,3.0,1,-0.392,1
0.825,0.677,17.1,0,0.016,0
0.903,0.501,0.3,1,0.253,0
0.403,0.434,15.3,2,-0.495,1
0.554,0.134,4.3,0,-0.057,0
0.88,0.093,3.1,0,0.204,0
0.341,0.43,13.5,3,-0.15,1
0.837,0.113,1.8,0,-0.477,1
0.56,0.052,1.9,4,-0.447,1
0.97,0.572,16.3,0,-0.42,0
0.954,0.188,8.2,1,0.181,0
0.205,0.18,7.0,0,0.156,0
0.995,0.43,6.7,3,-0.292,1
0.316,0.168,5.3,2,0.002,1
0.78,0.31,7.4,2,0.102,0
0.803,0.59,20.5,1,-0.399,0
0.253,0.135,3.2,0,-0.238,1
0.71,0.639,3.1,0,-0.189,0
0.389,0.586,10.7,2,0.226,1
0.701,0.341,13.1,2,0.013,0
0.85,0.482,9.2,1,-0.003,0
0.885,0.621,4.5,2,0.252,0
0.277,0.171,3.2,5,-0.332,1
0.85,0.272,0.2,1,-0.164,0
0.743,0.142,0.8,2,0.148,0
0.791,0.109,2.3,0,-0.061,0
0.592,0.004,0.1,1,-0.157,1
0.954,0.388,11.5,0,-0.419,0
0.561,0.078,2.3,4,0.13,1
0.383,0.227,2.4,0,-0.106,0
0.594,0.811,17.1,1,0.032,1
0.423,0.014,0.2,6,-0.091,1
0.818,0.194,1.8,1,-0.162,0
0.603,0.485,6.5,1,0.008,0
0.717,0.36,11.3,1,0.045,0
0.464,0.258,6.5,0,-0.258,1
0.385,0.13,4.7,1,0.235,0
0.09,0.185,1.3,0,-0.496,1
0.757,0.022,0.7,0,0.003,0
0.767,0.016,0.1,3,-0.111,0
0.577,0.103,2.9,1,-0.191,1
0.94,0.531,23.4,3,-0.019,1
0.66,0.23,0.0,0,-0.162,0
0.977,0.547,21.0,3,0.048,1
0.474,0.093,1.9,0,-0.296,1
0.955,0.354,3.0,0,-0.355,0
0.603,0.052,1.2,0,-0.473,0
0.399,0.699,6.3,0,-0.433,1
0.667,0.577,6.7,1,0.013,0
0.732,0.057,2.1,0,0.129,0
0.473,0.388,1.8,0,-0.294,1
0.787,0.042,1.6,4,-0.388,1
0.33,0.522,16.8,1,-0.384,1
0.765,0.127,0.7,5,-0.455,1
0.712,0.174,7.8,4,-0.422,1
0.897,0.501,16.0,0,-0.437,0
0.811,0.235,2.1,0,0.086,0
0.805,0.128,2.1,1,-0.496,0
0.867,0.664,11.4,2,-0.451,1
0.585,0.098,0.1,1,-0.039,0
0.824,0.176,4.7,3,-0.382,1
0.844,0.138,1.5,0,-0.152,0
0.519,0.055,1.6,0,-0.075,0
0.296,0.319,7.8,4,-0.003,1
0.755,0.104,2.5,0,-0.401,0
0.654,0.026,0.7,2,-0.339,1
0.494,0.263,4.5,1,-0.49,1
0.784,0.288,11.3,1,-0.45,0
0.875,0.111,3.1,3,0.157,0
0.53,0.413,9.3,5,-0.042,1
0.696,0.181,3.2,1,-0.192,0
0.766,0.201,5.3,0,0.236,0
0.837,0.143,3.5,6,-0.086,0
0.793,0.146,0.7,0,-0.179,0
0.689,0.473,20.8,3,-0.09,1
0.933,0.444,12.6,1,-0.217,0
0.738,0.087,2.6,0,-0.102,0
0.437,0.555,19.0,0,-0.42,1
0.53,0.64,2.9,4,-0.034,1
0.929,0.372,4.2,0,0.245,0
0.414,0.396,12.8,0,-0.253,1
0.784,0.18,4.3,0,-0.177,0
0.446,0.166,5.0,0,-0.375,1
0.33,0.231,2.2,5,-0.096,1
0.408,0.172,6.8,0,-0.09,0
0.557,0.381,3.0,3,-0.243,1
0.418,0.327,4.2,1,0.227,0
0.956,0.015,0.3,2,0.059,0
0.913,0.663,9.0,0,-0.469,0
0.506,0.135,1.7,0,0.183,0
0.584,0.083,2.8,3,-0.275,1
0.649,0.039,1.6,0,0.11,1
0.852,0.615,11.4,0,-0.252,0
0.865,0.381,2.4,1,-0.233,0
0.858,0.248,1.3,0,-0.212,0
0.489,0.318,5.2,0,-0.443,0
0.671,0.228,9.4,1,0.002,0
0.843,0.037,1.4,4,-0.365,1
0.872,0.244,2.6,0,-0.047,0
0.79,0.077,2.4,0,-0.145,0
0.264,0.151,2.3,1,0.033,0
0.433,0.085,3.7,1,0.149,0
0.823,0.472,0.6,0,0.043,0
0.372,0.211,1.1,0,0.212,0
0.523,0.312,3.2,1,-0.41,1
0.717,0.229,7.8,0,0.293,0
0.383,0.49,4.7,0,0.066,0
0.507,0.646,21.4,5,0.077,0
0.627,0.048,0.4,1,0.171,0
0.598,0.189,7.4,1,0.052,0
0.512,0.074,1.6,0,0.176,0
0.501,0.525,11.1,1,-0.19,1
0.084,0.531,6.3,1,-0.077,1
0.535,0.119,5.0,2,-0.257,1
0.644,0.618,9.0,6,-0.115,1
0.567,0.007,0.2,0,-0.365,1
0.304,0.406,7.8,3,-0.446,1
0.233,0.19,5.5,0,0.087,0
0.383,0.306,12.1,1,0.238,0
0.384,0.725,1.5,1,-0.232,1
0.685,0.449,3.2,0,0.114,0
0.761,0.286,9.5,0,0.069,0
0.545,0.247,1.5,0,-0.119,0
0.965,0.512,17.0,4,-0.37,0
0.792,0.18,3.3,3,-0.452,1
0.769,0.222,7.6,1,-0.261,0
0.735,0.607,13.3,4,-0.371,1
0.6,0.144,5.6,0,0.191,0
0.948,0.201,6.2,0,-0.228,0
0.87,0.315,0.3,6,-0.247,1
0.678,0.195,4.4,0,-0.217,0
0.613,0.033,0.5,0,0.051,0
0.475,0.247,4.3,0,-0.172,1
0.822,0.328,12.4,2,0.227,1
0.605,0.825,31.7,1,-0.026,0
0.251,0.451,13.7,0,0.003,0
0.627,0.26,2.6,0,0.242,0
0.849,0.148,5.8,0,-0.195,0
0.761,0.292,9.1,1,-0.117,0
0.69,0.241,2.2,1,-0.454,0
0.825,0.543,19.4,1,-0.203,1
0.396,0.132,2.3,1,0.24,0
0.666,0.498,20.2,2,-0.48,1
0.605,0.242,7.3,2,-0.179,0
0.478,0.182,0.8,0,0.103,0
0.128,0.04,1.8,3,0.198,1
0.983,0.2,7.7,1,-0.091,0
0.202,0.233,8.4,0,0.236,0
0.204,0.436,5.7,2,0.142,1
0.623,0.028,1.1,0,-0.023,0
0.659,0.337,11.9,5,-0.168,1
0.31,0.131,1.7,0,-0.034,0
0.373,0.255,2.6,1,-0.425,1
0.275,0.103,4.3,0,-0.112,0
0.809,0.428,12.6,0,-0.233,0
0.73,0.308,8.3,1,-0.473,0
0.653,0.15,1.1,5,-0.235,1
0.363,0.131,3.0,0,-0.342,1
0.635,0.723,15.9,2,-0.044,1
0.746,0.021,0.8,0,-0.037,0
0.823,0.237,8.6,1,0.237,1
0.751,0.501,4.5,0,-0.235,0
0.351,0.655,24.9,2,-0.426,1
0.236,0.568,21.1,2,0.197,1
0.679,0.26,8.0,2,-0.186,1
0.819,0.478,18.0,2,-0.496,0
0.719,0.227,6.3,0,-0.43,0
0.598,0.233,1.9,0,0.266,0
0.345,0.357,7.3,3,-0.299,1
0.393,0.051,0.8,2,0.006,1
0.716,0.026,0.5,2,0.213,0
0.805,0.387,11.2,0,0.11,0
0.357,0.151,1.9,0,-0.04,0
0.934,0.272,11.6,0,-0.243,0
0.391,0.122,3.5,2,-0.248,1
0.711,0.191,5.4,0,0.117,1
0.859,0.35,11.9,2,-0.17,0
0.224,0.268,11.3,2,-0.227,1
0.372,0.626,1.9,1,-0.098,1
0.758,0.089,0.6,2,0.103,0
0.7,0.61,19.3,1,-0.28,1
0.81,0.285,9.0,0,0.171,0
0.198,0.034,0.1,3,-0.412,1
0.785,0.198,7.2,1,-0.476,0
0.203,0.35,8.1,1,-0.319,1
0.628,0.532,9.6,0,-0.345,1
0.829,0.099,4.3,2,0.259,0
0.958,0.007,0.1,0,-0.369,0
0.295,0.091,3.7,2,-0.119,1
0.294,0.419,13.4,5,0.284,1
0.464,0.143,5.3,2,-0.129,0
0.189,0.41,16.7,0,-0.417,1
0.366,0.417,13.6,0,-0.123,0
0.853,0.64,17.3,0,-0.309,0
0.213,0.516,5.1,2,0.244,1
0.706,0.025,0.0,3,-0.055,1
0.533,0.36,12.1,0,0.164,0
0.461,0.292,9.6,3,0.179,1
0.444,0.434,8.0,1,0.019,0
0.602,0.384,7.6,2,-0.298,1
0.865,0.492,5.5,1,-0.483,0
0.899,0.383,1.8,3,-0.249,1
0.505,0.35,10.9,5,-0.428,1
0.964,0.635,19.6,2,0.097,0
0.931,0.099,2.7,2,-0.257,0
0.85,0.258,3.5,1,0.052,0
0.709,0.341,2.2,0,0.286,0
0.984,0.093,0.6,2,-0.299,0
0.796,0.098,0.9,0,-0.193,0
0.557,0.258,1.1,0,-0.116,0
0.547,0.028,1.1,5,0.186,1
0.841,0.385,6.3,0,0.287,0
0.976,0.622,16.9,2,-0.384,1
0.479,0.092,1.7,2,-0.49,1
0.427,0.238,8.9,0,0.3,0
0.577,0.553,4.0,3,-0.5,1
0.407,0.171,1.1,0,-0.082,0
0.371,0.178,7.7,0,0.254,0
0.368,0.123,3.6,1,-0.407,1
0.427,0.041,1.3,0,-0.311,1
0.923,0.308,0.1,1,0.042,0
0.849,0.157,4.7,2,-0.398,0
0.496,0.061,1.2,0,-0.115,1
0.782,0.457,14.5,5,-0.343,1
0.194,0.779,25.4,0,-0.444,0
0.98,0.297,13.0,0,-0.232,0
0.516,0.493,16.2,0,-0.107,0
0.131,0.778,6.7,2,0.143,1
0.31,0.068,1.9,0,-0.293,1
0.962,0.096,2.7,4,-0.336,1
0.895,0.425,15.2,0,-0.248,0
0.223,0.462,10.8,0,0.073,0
0.267,0.504,16.2,2,-0.203,1
0.821,0.345,15.2,4,-0.397,1
0.941,0.763,3.2,5,-0.459,1
0.673,0.428,18.7,0,-0.292,0
0.85,0.378,12.5,0,-0.345,0
0.434,0.246,3.8,0,-0.165,1
0.073,0.73,12.3,0,-0.197,1
0.502,0.076,2.5,2,0.15,1
0.664,0.545,1.2,3,-0.062,1
0.276,0.179,2.6,0,0.137,0
0.761,0.652,26.3,1,0.22,0
0.435,0.343,6.4,4,0.032,1
0.838,0.027,0.5,0,-0.081,0
0.899,0.714,22.8,4,-0.339,1
0.765,0.471,21.2,1,0.136,0
0.824,0.131,3.0,4,-0.052,0
0.728,0.16,3.4,0,-0.495,0
0.869,0.26,2.4,1,0.077,0
0.849,0.739,21.2,6,-0.231,1
0.747,0.556,2.1,0,-0.247,1
0.44,0.287,7.6,0,-0.365,1
0.774,0.178,1.2,3,-0.042,1
0.87,0.224,7.4,5,-0.384,1
0.76,0.173,1.4,0,0.218,0
0.171,0.247,10.3,1,-0.118,0
0.642,0.188,2.8,3,-0.372,1
0.603,0.24,7.9,2,0.228,0
0.915,0.164,2.8,0,0.198,0
0.489,0.075,1.2,5,-0.152,1
0.732,0.451,13.8,0,-0.148,0
0.758,0.098,0.0,3,0.129,0
0.092,0.374,16.1,4,-0.008,1
0.289,0.25,1.8,3,-0.109,1
0.308,0.452,17.7,1,0.081,0
0.941,0.465,19.7,6,-0.159,1
0.802,0.23,7.8,0,0.044,0
0.836,0.062,2.5,0,-0.128,0
0.815,0.181,2.7,0,0.244,0
0.924,0.452,9.4,3,0.27,0
0.333,0.362,9.0,2,-0.028,1
0.317,0.057,2.4,2,-0.21,1
0.769,0.245,0.7,0,-0.057,0
0.459,0.028,0.5,4,-0.028,1
0.297,0.091,2.1,0,0.273,0
0.952,0.182,7.8,6,0.295,0
0.507,0.284,2.0,0,-0.029,0
0.318,0.254,8.7,0,0.159,0
0.372,0.442,18.4,1,-0.355,1
0.706,0.232,2.6,0,-0.256,0
0.832,0.049,1.6,2,-0.091,0
0.861,0.514,15.5,0,-0.179,0
0.91,0.06,1.8,1,0.147,0
0.604,0.402,0.8,2,0.141,0
0.434,0.231,2.9,5,-0.15,0
0.609,0.258,11.6,0,0.227,0
0.419,0.181,2.3,1,-0.097,0
0.673,0.386,4.3,4,-0.091,1
0.313,0.404,6.5,0,-0.212,1
0.876,0.349,4.3,0,-0.212,1
0.798,0.563,6.8,1,0.07,0
0.835,0.287,3.6,4,0.182,0
0.842,0.076,2.0,0,-0.484,0
0.663,0.777,21.4,0,-0.34,1
0.77,0.578,8.1,1,-0.209,0
0.542,0.161,5.8,3,-0.285,1
0.933,0.075,1.9,0,0.14,0
0.504,0.136,2.3,1,-0.094,0
0.709,0.317,5.1,0,-0.008,0
0.82,0.38,5.8,1,0.266,0
0.418,0.362,7.4,3,-0.2,1
0.101,0.423,13.2,0,0.016,0
0.661,0.329,2.0,0,0.043,0
0.617,0.226,3.7,1,0.276,0
0.504,0.013,0.4,1,0.19,0
0.113,0.131,5.3,3,0.292,1
0.944,0.247,8.7,1,-0.343,0
0.318,0.121,0.1,2,0.096,1
0.643,0.4,16.5,1,-0.095,0
0.525,0.044,0.7,1,-0.326,1
0.088,0.275,9.6,0,0.19,0
0.743,0.058,0.6,3,-0.19,1
0.671,0.311,0.2,4,-0.341,0
0.731,0.393,1.2,1,0.053,0
0.907,0.36,6.0,2,0.078,0
0.345,0.029,0.5,0,-0.442,1
0.659,0.075,1.6,1,-0.304,0
0.428,0.051,0.5,1,0.025,0
0.234,0.141,5.0,0,-0.063,0
0.79,0.023,0.4,1,-0.168,0
0.666,0.447,5.6,0,-0.466,0
0.742,0.112,1.2,1,-0.167,1
0.723,0.532,3.0,1,-0.487,1
0.822,0.177,2.0,0,0.172,1
0.503,0.473,9.3,0,-0.031,0
0.851,0.496,11.2,2,-0.201,0
0.368,0.092,2.6,0,-0.13,0
0.697,0.729,31.5,0,-0.16,1
0.603,0.494,21.4,2,0.294,0
0.502,0.1,3.8,2,-0.364,1
0.755,0.143,2.1,3,-0.258,1
0.596,0.016,0.1,2,-0.034,1
0.79,0.008,0.2,3,-0.376,1
0.728,0.289,12.0,3,-0.047,1
0.18,0.423,14.5,0,-0.412,1
0.711,0.207,9.1,0,-0.439,0
0.168,0.145,1.6,0,-0.107,0
0.796,0.175,6.6,1,-0.036,1
0.442,0.319,1.5,2,0.14,1
0.095,0.081,0.9,1,-0.197,1
0.839,0.184,5.2,1,0.007,0
0.987,0.53,5.4,2,-0.077,0
0.49,0.319,11.1,4,-0.485,1
0.846,0.279,1.7,0,0.061,0
0.325,0.72,26.3,0,-0.499,1
0.664,0.69,21.2,3,-0.047,1
0.78,0.662,22.8,0,-0.421,0
0.943,0.116,0.4,0,0.031,0
0.95,0.092,2.2,2,-0.398,0
0.622,0.111,2.2,1,0.19,0
0.454,0.107,4.3,0,-0.401,1
0.625,0.317,13.0,4,0.241,1
0.862,0.123,1.1,3,0.085,0
0.473,0.446,11.7,1,0.286,0
0.789,0.384,5.5,1,-0.143,0
0.747,0.25,4.3,4,0.156,1
0.169,0.116,3.3,0,-0.143,0
0.24,0.502,12.7,0,0.279,1
0.904,0.501,19.6,2,0.075,0
0.602,0.172,7.6,0,0.289,1
0.831,0.326,11.3,0,-0.123,1
0.249,0.194,4.7,1,0.083,0
0.851,0.651,3.4,2,-0.382,1
0.643,0.475,20.3,5,-0.489,1
0.555,0.03,0.5,0,-0.356,1
0.78,0.602,21.4,1,-0.12,0
0.27,0.038,1.4,0,-0.101,0
0.46,0.321,1.7,0,-0.077,0
0.904,0.566,8.8,5,0.213,1
0.894,0.486,21.0,0,0.127,0
0.568,0.035,0.7,3,-0.259,1
0.565,0.337,9.2,0,0.239,0
0.846,0.383,0.1,1,-0.454,0
0.106,0.028,0.2,1,0.142,0
0.493,0.332,14.8,0,-0.487,1
0.559,0.574,5.3,1,-0.024,1
0.152,0.407,9.4,1,0.237,0
0.695,0.369,7.2,1,-0.211,0
0.97,0.191,2.1,0,0.199,0
0.619,0.094,2.0,0,-0.313,0
0.957,0.543,1.7,3,0.033,1
0.781,0.47,15.4,0,-0.317,0
0.688,0.133,5.7,0,-0.015,0
0.444,0.415,16.8,1,-0.296,1
0.77,0.401,2.4,0,-0.234,0
0.764,0.565,6.4,5,-0.08,1
0.835,0.209,1.9,0,-0.231,0
0.953,0.107,1.2,0,-0.276,0
0.631,0.73,8.5,1,0.158,0
0.687,0.645,23.4,5,0.014,1
0.852,0.037,0.7,4,-0.302,1
0.669,0.095,2.4,2,0.215,0
0.854,0.115,3.6,0,0.049,0
0.425,0.09,1.6,1,-0.058,0
0.191,0.377,2.0,0,-0.422,1
0.47,0.313,4.5,0,0.109,0
0.814,0.32,7.4,2,0.206,0
0.674,0.086,0.3,0,0.271,1
0.75,0.453,2.1,0,0.038,0
0.992,0.486,19.7,2,-0.182,0
0.244,0.169,2.8,4,0.048,1
0.619,0.004,0.2,0,-0.23,0
0.655,0.19,7.8,3,-0.053,1
0.614,0.154,6.8,3,0.267,1
0.445,0.382,12.6,2,0.071,1
0.946,0.209,8.0,3,-0.109,0
0.979,0.373,5.7,4,-0.237,1
0.321,0.025,1.1,0,-0.201,1
0.579,0.456,0.4,1,0.255,0
0.739,0.642,28.8,2,-0.133,1
0.61,0.304,7.6,3,-0.341,1
0.126,0.088,0.0,0,0.071,0
0.163,0.57,11.1,0,-0.03,1
0.657,0.302,9.5,0,0.137,0
0.337,0.046,0.3,1,0.107,0
0.504,0.095,4.3,1,-0.237,1
0.834,0.556,24.6,0,-0.255,0
0.974,0.015,0.6,1,0.268,0
0.822,0.005,0.1,0,-0.261,0
0.747,0.099,3.3,2,-0.387,0
0.716,0.139,2.1,0,-0.446,0
0.998,0.035,1.2,0,-0.489,0
0.794,0.491,17.1,4,0.271,0
0.838,0.179,6.2,0,-0.169,0
0.827,0.53,1.8,0,-0.251,0
